experiment_name,run_id,seed,scenario,backbone,depth,train_intervention,loss,class_weight_mode,train_sampler,image_ablation,run_dir,best_epoch,selection_metric,best_score,split,accuracy,macro_f1
cross_location_resnet101_cw_none_sampler_class_balanced_seed42,cross_location_resnet101_cw_none_sampler_class_balanced_seed42_20260509_142422,42,cross_location,resnet101,101,none,cross_entropy,none,class_balanced,none,/scratch1/xdeng713/cs567_followup_runs/cross_location_resnet101_cw_none_sampler_class_balanced_seed42_20260509_142422,6,macro_f1,0.6936604305833839,val,0.6860693263570962,0.6936604305833839
cross_location_resnet101_cw_none_sampler_class_balanced_seed42,cross_location_resnet101_cw_none_sampler_class_balanced_seed42_20260509_142422,42,cross_location,resnet101,101,none,cross_entropy,none,class_balanced,none,/scratch1/xdeng713/cs567_followup_runs/cross_location_resnet101_cw_none_sampler_class_balanced_seed42_20260509_142422,6,macro_f1,0.6936604305833839,cis,0.7491651934786879,0.6991818122451762
cross_location_resnet101_cw_none_sampler_class_balanced_seed42,cross_location_resnet101_cw_none_sampler_class_balanced_seed42_20260509_142422,42,cross_location,resnet101,101,none,cross_entropy,none,class_balanced,none,/scratch1/xdeng713/cs567_followup_runs/cross_location_resnet101_cw_none_sampler_class_balanced_seed42_20260509_142422,6,macro_f1,0.6936604305833839,trans,0.5560531840447865,0.4573704624788483
cross_location_resnet101_cw_none_seed42,cross_location_resnet101_cw_none_seed42_20260509_142432,42,cross_location,resnet101,101,none,cross_entropy,none,none,none,/scratch1/xdeng713/cs567_followup_runs/cross_location_resnet101_cw_none_seed42_20260509_142432,9,macro_f1,0.7352324356603798,val,0.7396991497710922,0.7352324356603798
cross_location_resnet101_cw_none_seed42,cross_location_resnet101_cw_none_seed42_20260509_142432,42,cross_location,resnet101,101,none,cross_entropy,none,none,none,/scratch1/xdeng713/cs567_followup_runs/cross_location_resnet101_cw_none_seed42_20260509_142432,9,macro_f1,0.7352324356603798,cis,0.7619328226281673,0.7019165080298936
cross_location_resnet101_cw_none_seed42,cross_location_resnet101_cw_none_seed42_20260509_142432,42,cross_location,resnet101,101,none,cross_entropy,none,none,none,/scratch1/xdeng713/cs567_followup_runs/cross_location_resnet101_cw_none_seed42_20260509_142432,9,macro_f1,0.7352324356603798,trans,0.5637508747375787,0.45228873786386453
cross_location_resnet101_image_background_only_seed42,cross_location_resnet101_image_background_only_seed42_20260509_145413,42,cross_location,resnet101,101,none,cross_entropy,balanced,none,background_only,/scratch1/xdeng713/cs567_followup_runs/cross_location_resnet101_image_background_only_seed42_20260509_145413,10,macro_f1,0.5905429398687128,val,0.5748855461085677,0.5905429398687128
cross_location_resnet101_image_background_only_seed42,cross_location_resnet101_image_background_only_seed42_20260509_145413,42,cross_location,resnet101,101,none,cross_entropy,balanced,none,background_only,/scratch1/xdeng713/cs567_followup_runs/cross_location_resnet101_image_background_only_seed42_20260509_145413,10,macro_f1,0.5905429398687128,cis,0.5507758790021606,0.5412068162967072
cross_location_resnet101_image_background_only_seed42,cross_location_resnet101_image_background_only_seed42_20260509_145413,42,cross_location,resnet101,101,none,cross_entropy,balanced,none,background_only,/scratch1/xdeng713/cs567_followup_runs/cross_location_resnet101_image_background_only_seed42_20260509_145413,10,macro_f1,0.5905429398687128,trans,0.43498950314905527,0.32765720720389946
cross_location_resnet101_image_foreground_only_seed42,cross_location_resnet101_image_foreground_only_seed42_20260509_145446,42,cross_location,resnet101,101,none,cross_entropy,balanced,none,foreground_only,/scratch1/xdeng713/cs567_followup_runs/cross_location_resnet101_image_foreground_only_seed42_20260509_145446,13,macro_f1,0.6605577220241531,val,0.6742969260954872,0.6605577220241531
cross_location_resnet101_image_foreground_only_seed42,cross_location_resnet101_image_foreground_only_seed42_20260509_145446,42,cross_location,resnet101,101,none,cross_entropy,balanced,none,foreground_only,/scratch1/xdeng713/cs567_followup_runs/cross_location_resnet101_image_foreground_only_seed42_20260509_145446,13,macro_f1,0.6605577220241531,cis,0.7432724415635436,0.6957365839500592
cross_location_resnet101_image_foreground_only_seed42,cross_location_resnet101_image_foreground_only_seed42_20260509_145446,42,cross_location,resnet101,101,none,cross_entropy,balanced,none,foreground_only,/scratch1/xdeng713/cs567_followup_runs/cross_location_resnet101_image_foreground_only_seed42_20260509_145446,13,macro_f1,0.6605577220241531,trans,0.6069979006298111,0.4757075145957781
cross_location_resnet101_image_object_crop_seed42,cross_location_resnet101_image_object_crop_seed42_20260509_145413,42,cross_location,resnet101,101,none,cross_entropy,balanced,none,object_crop,/scratch1/xdeng713/cs567_followup_runs/cross_location_resnet101_image_object_crop_seed42_20260509_145413,6,macro_f1,0.7463904872255543,val,0.749509483322433,0.7463904872255543
cross_location_resnet101_image_object_crop_seed42,cross_location_resnet101_image_object_crop_seed42_20260509_145413,42,cross_location,resnet101,101,none,cross_entropy,balanced,none,object_crop,/scratch1/xdeng713/cs567_followup_runs/cross_location_resnet101_image_object_crop_seed42_20260509_145413,6,macro_f1,0.7463904872255543,cis,0.8701630328029857,0.8267250413520929
cross_location_resnet101_image_object_crop_seed42,cross_location_resnet101_image_object_crop_seed42_20260509_145413,42,cross_location,resnet101,101,none,cross_entropy,balanced,none,object_crop,/scratch1/xdeng713/cs567_followup_runs/cross_location_resnet101_image_object_crop_seed42_20260509_145413,6,macro_f1,0.7463904872255543,trans,0.7451364590622813,0.6205398516673036
cross_location_resnet101_loss_focal_seed42,cross_location_resnet101_loss_focal_seed42_20260509_142424,42,cross_location,resnet101,101,none,focal,balanced,none,none,/scratch1/xdeng713/cs567_followup_runs/cross_location_resnet101_loss_focal_seed42_20260509_142424,5,macro_f1,0.65438392682326,val,0.6422498364944408,0.65438392682326
cross_location_resnet101_loss_focal_seed42,cross_location_resnet101_loss_focal_seed42_20260509_142424,42,cross_location,resnet101,101,none,focal,balanced,none,none,/scratch1/xdeng713/cs567_followup_runs/cross_location_resnet101_loss_focal_seed42_20260509_142424,5,macro_f1,0.65438392682326,cis,0.6774700451777647,0.6482328231674321
cross_location_resnet101_loss_focal_seed42,cross_location_resnet101_loss_focal_seed42_20260509_142424,42,cross_location,resnet101,101,none,focal,balanced,none,none,/scratch1/xdeng713/cs567_followup_runs/cross_location_resnet101_loss_focal_seed42_20260509_142424,5,macro_f1,0.65438392682326,trans,0.4983904828551435,0.40843615947173595
cross_location_resnet101_seed42,cross_location_resnet101_seed42_20260509_142424,42,cross_location,resnet101,101,none,cross_entropy,balanced,none,none,/scratch1/xdeng713/cs567_followup_runs/cross_location_resnet101_seed42_20260509_142424,8,macro_f1,0.6978723432640003,val,0.6847612818835841,0.6978723432640003
cross_location_resnet101_seed42,cross_location_resnet101_seed42_20260509_142424,42,cross_location,resnet101,101,none,cross_entropy,balanced,none,none,/scratch1/xdeng713/cs567_followup_runs/cross_location_resnet101_seed42_20260509_142424,8,macro_f1,0.6978723432640003,cis,0.7281477116480063,0.6743803838231067
cross_location_resnet101_seed42,cross_location_resnet101_seed42_20260509_142424,42,cross_location,resnet101,101,none,cross_entropy,balanced,none,none,/scratch1/xdeng713/cs567_followup_runs/cross_location_resnet101_seed42_20260509_142424,8,macro_f1,0.6978723432640003,trans,0.5505948215535339,0.4400549997611431
cross_location_resnet101_seed42,cross_location_resnet101_seed42_20260509_142432,42,cross_location,resnet101,101,none,cross_entropy,balanced,none,none,/scratch1/xdeng713/cs567_followup_runs/cross_location_resnet101_seed42_20260509_142432,8,macro_f1,0.6978723432640003,val,0.6847612818835841,0.6978723432640003
cross_location_resnet101_seed42,cross_location_resnet101_seed42_20260509_142432,42,cross_location,resnet101,101,none,cross_entropy,balanced,none,none,/scratch1/xdeng713/cs567_followup_runs/cross_location_resnet101_seed42_20260509_142432,8,macro_f1,0.6978723432640003,cis,0.7281477116480063,0.6743803838231067
cross_location_resnet101_seed42,cross_location_resnet101_seed42_20260509_142432,42,cross_location,resnet101,101,none,cross_entropy,balanced,none,none,/scratch1/xdeng713/cs567_followup_runs/cross_location_resnet101_seed42_20260509_142432,8,macro_f1,0.6978723432640003,trans,0.5505948215535339,0.4400549997611431
cross_location_resnet101_seed42,cross_location_resnet101_seed42_20260509_142902,42,cross_location,resnet101,101,none,cross_entropy,balanced,none,none,/scratch1/xdeng713/cs567_followup_runs/cross_location_resnet101_seed42_20260509_142902,8,macro_f1,0.7307191325380608,val,0.7155003270111184,0.7307191325380608
cross_location_resnet101_seed42,cross_location_resnet101_seed42_20260509_142902,42,cross_location,resnet101,101,none,cross_entropy,balanced,none,none,/scratch1/xdeng713/cs567_followup_runs/cross_location_resnet101_seed42_20260509_142902,8,macro_f1,0.7307191325380608,cis,0.758790021606757,0.7016632981504275
cross_location_resnet101_seed42,cross_location_resnet101_seed42_20260509_142902,42,cross_location,resnet101,101,none,cross_entropy,balanced,none,none,/scratch1/xdeng713/cs567_followup_runs/cross_location_resnet101_seed42_20260509_142902,8,macro_f1,0.7307191325380608,trans,0.5752274317704689,0.4608422679359556
cross_location_resnet101_seed43,cross_location_resnet101_seed43_20260509_142424,43,cross_location,resnet101,101,none,cross_entropy,balanced,none,none,/scratch1/xdeng713/cs567_followup_runs/cross_location_resnet101_seed43_20260509_142424,5,macro_f1,0.701238790592224,val,0.697841726618705,0.701238790592224
cross_location_resnet101_seed43,cross_location_resnet101_seed43_20260509_142424,43,cross_location,resnet101,101,none,cross_entropy,balanced,none,none,/scratch1/xdeng713/cs567_followup_runs/cross_location_resnet101_seed43_20260509_142424,5,macro_f1,0.701238790592224,cis,0.7087016303280299,0.6512935046223255
cross_location_resnet101_seed43,cross_location_resnet101_seed43_20260509_142424,43,cross_location,resnet101,101,none,cross_entropy,balanced,none,none,/scratch1/xdeng713/cs567_followup_runs/cross_location_resnet101_seed43_20260509_142424,5,macro_f1,0.701238790592224,trans,0.5178446466060181,0.4173365325233492
cross_location_resnet101_seed44,cross_location_resnet101_seed44_20260509_142426,44,cross_location,resnet101,101,none,cross_entropy,balanced,none,none,/scratch1/xdeng713/cs567_followup_runs/cross_location_resnet101_seed44_20260509_142426,11,macro_f1,0.6953881644018121,val,0.6769130150425114,0.6953881644018121
cross_location_resnet101_seed44,cross_location_resnet101_seed44_20260509_142426,44,cross_location,resnet101,101,none,cross_entropy,balanced,none,none,/scratch1/xdeng713/cs567_followup_runs/cross_location_resnet101_seed44_20260509_142426,11,macro_f1,0.6953881644018121,cis,0.7560400707130229,0.6940893400343232
cross_location_resnet101_seed44,cross_location_resnet101_seed44_20260509_142426,44,cross_location,resnet101,101,none,cross_entropy,balanced,none,none,/scratch1/xdeng713/cs567_followup_runs/cross_location_resnet101_seed44_20260509_142426,11,macro_f1,0.6953881644018121,trans,0.6128761371588524,0.48193392346064634
day_to_night_resnet101_cw_none_sampler_class_balanced_seed42,day_to_night_resnet101_cw_none_sampler_class_balanced_seed42_20260509_142425,42,day_to_night,resnet101,101,none,cross_entropy,none,class_balanced,none,/scratch1/xdeng713/cs567_followup_runs/day_to_night_resnet101_cw_none_sampler_class_balanced_seed42_20260509_142425,5,macro_f1,0.6239656896317669,val,0.6666666666666666,0.6239656896317669
day_to_night_resnet101_cw_none_sampler_class_balanced_seed42,day_to_night_resnet101_cw_none_sampler_class_balanced_seed42_20260509_142425,42,day_to_night,resnet101,101,none,cross_entropy,none,class_balanced,none,/scratch1/xdeng713/cs567_followup_runs/day_to_night_resnet101_cw_none_sampler_class_balanced_seed42_20260509_142425,5,macro_f1,0.6239656896317669,val_night,0.5429594272076372,0.4788014329883115
day_to_night_resnet101_cw_none_sampler_class_balanced_seed42,day_to_night_resnet101_cw_none_sampler_class_balanced_seed42_20260509_142425,42,day_to_night,resnet101,101,none,cross_entropy,none,class_balanced,none,/scratch1/xdeng713/cs567_followup_runs/day_to_night_resnet101_cw_none_sampler_class_balanced_seed42_20260509_142425,5,macro_f1,0.6239656896317669,cis_night,0.6224132441897485,0.5289000184157238
day_to_night_resnet101_cw_none_sampler_class_balanced_seed42,day_to_night_resnet101_cw_none_sampler_class_balanced_seed42_20260509_142425,42,day_to_night,resnet101,101,none,cross_entropy,none,class_balanced,none,/scratch1/xdeng713/cs567_followup_runs/day_to_night_resnet101_cw_none_sampler_class_balanced_seed42_20260509_142425,5,macro_f1,0.6239656896317669,trans_night,0.4749733759318424,0.28799022351646586
day_to_night_resnet101_cw_none_seed42,day_to_night_resnet101_cw_none_seed42_20260509_142424,42,day_to_night,resnet101,101,none,cross_entropy,none,none,none,/scratch1/xdeng713/cs567_followup_runs/day_to_night_resnet101_cw_none_seed42_20260509_142424,11,macro_f1,0.6712430835679032,val,0.7524752475247525,0.6712430835679032
day_to_night_resnet101_cw_none_seed42,day_to_night_resnet101_cw_none_seed42_20260509_142424,42,day_to_night,resnet101,101,none,cross_entropy,none,none,none,/scratch1/xdeng713/cs567_followup_runs/day_to_night_resnet101_cw_none_seed42_20260509_142424,11,macro_f1,0.6712430835679032,val_night,0.6026252983293556,0.5834365354347064
day_to_night_resnet101_cw_none_seed42,day_to_night_resnet101_cw_none_seed42_20260509_142424,42,day_to_night,resnet101,101,none,cross_entropy,none,none,none,/scratch1/xdeng713/cs567_followup_runs/day_to_night_resnet101_cw_none_seed42_20260509_142424,11,macro_f1,0.6712430835679032,cis_night,0.6418338108882522,0.5347061542395909
day_to_night_resnet101_cw_none_seed42,day_to_night_resnet101_cw_none_seed42_20260509_142424,42,day_to_night,resnet101,101,none,cross_entropy,none,none,none,/scratch1/xdeng713/cs567_followup_runs/day_to_night_resnet101_cw_none_seed42_20260509_142424,11,macro_f1,0.6712430835679032,trans_night,0.42470713525026627,0.29073356029332725
day_to_night_resnet101_image_background_only_seed42,day_to_night_resnet101_image_background_only_seed42_20260509_145412,42,day_to_night,resnet101,101,none,cross_entropy,balanced,none,background_only,/scratch1/xdeng713/cs567_followup_runs/day_to_night_resnet101_image_background_only_seed42_20260509_145412,8,macro_f1,0.5939928565034648,val,0.6468646864686468,0.5939928565034648
day_to_night_resnet101_image_background_only_seed42,day_to_night_resnet101_image_background_only_seed42_20260509_145412,42,day_to_night,resnet101,101,none,cross_entropy,balanced,none,background_only,/scratch1/xdeng713/cs567_followup_runs/day_to_night_resnet101_image_background_only_seed42_20260509_145412,8,macro_f1,0.5939928565034648,val_night,0.5119331742243437,0.41866988350794354
day_to_night_resnet101_image_background_only_seed42,day_to_night_resnet101_image_background_only_seed42_20260509_145412,42,day_to_night,resnet101,101,none,cross_entropy,balanced,none,background_only,/scratch1/xdeng713/cs567_followup_runs/day_to_night_resnet101_image_background_only_seed42_20260509_145412,8,macro_f1,0.5939928565034648,cis_night,0.5530085959885387,0.3624053455263411
day_to_night_resnet101_image_background_only_seed42,day_to_night_resnet101_image_background_only_seed42_20260509_145412,42,day_to_night,resnet101,101,none,cross_entropy,balanced,none,background_only,/scratch1/xdeng713/cs567_followup_runs/day_to_night_resnet101_image_background_only_seed42_20260509_145412,8,macro_f1,0.5939928565034648,trans_night,0.45303514376996806,0.1973521866066403
day_to_night_resnet101_image_foreground_only_seed42,day_to_night_resnet101_image_foreground_only_seed42_20260509_145412,42,day_to_night,resnet101,101,none,cross_entropy,balanced,none,foreground_only,/scratch1/xdeng713/cs567_followup_runs/day_to_night_resnet101_image_foreground_only_seed42_20260509_145412,8,macro_f1,0.49019515924455953,val,0.5363036303630363,0.49019515924455953
day_to_night_resnet101_image_foreground_only_seed42,day_to_night_resnet101_image_foreground_only_seed42_20260509_145412,42,day_to_night,resnet101,101,none,cross_entropy,balanced,none,foreground_only,/scratch1/xdeng713/cs567_followup_runs/day_to_night_resnet101_image_foreground_only_seed42_20260509_145412,8,macro_f1,0.49019515924455953,val_night,0.5095465393794749,0.39477830520013185
day_to_night_resnet101_image_foreground_only_seed42,day_to_night_resnet101_image_foreground_only_seed42_20260509_145412,42,day_to_night,resnet101,101,none,cross_entropy,balanced,none,foreground_only,/scratch1/xdeng713/cs567_followup_runs/day_to_night_resnet101_image_foreground_only_seed42_20260509_145412,8,macro_f1,0.49019515924455953,cis_night,0.5631964342566061,0.4109845164737556
day_to_night_resnet101_image_foreground_only_seed42,day_to_night_resnet101_image_foreground_only_seed42_20260509_145412,42,day_to_night,resnet101,101,none,cross_entropy,balanced,none,foreground_only,/scratch1/xdeng713/cs567_followup_runs/day_to_night_resnet101_image_foreground_only_seed42_20260509_145412,8,macro_f1,0.49019515924455953,trans_night,0.46943556975505857,0.2347780612416202
day_to_night_resnet101_image_object_crop_seed42,day_to_night_resnet101_image_object_crop_seed42_20260509_145413,42,day_to_night,resnet101,101,none,cross_entropy,balanced,none,object_crop,/scratch1/xdeng713/cs567_followup_runs/day_to_night_resnet101_image_object_crop_seed42_20260509_145413,7,macro_f1,0.7430977722781187,val,0.7970297029702971,0.7430977722781187
day_to_night_resnet101_image_object_crop_seed42,day_to_night_resnet101_image_object_crop_seed42_20260509_145413,42,day_to_night,resnet101,101,none,cross_entropy,balanced,none,object_crop,/scratch1/xdeng713/cs567_followup_runs/day_to_night_resnet101_image_object_crop_seed42_20260509_145413,7,macro_f1,0.7430977722781187,val_night,0.6885441527446301,0.581865813574399
day_to_night_resnet101_image_object_crop_seed42,day_to_night_resnet101_image_object_crop_seed42_20260509_145413,42,day_to_night,resnet101,101,none,cross_entropy,balanced,none,object_crop,/scratch1/xdeng713/cs567_followup_runs/day_to_night_resnet101_image_object_crop_seed42_20260509_145413,7,macro_f1,0.7430977722781187,cis_night,0.7758675581025152,0.6339426633678668
day_to_night_resnet101_image_object_crop_seed42,day_to_night_resnet101_image_object_crop_seed42_20260509_145413,42,day_to_night,resnet101,101,none,cross_entropy,balanced,none,object_crop,/scratch1/xdeng713/cs567_followup_runs/day_to_night_resnet101_image_object_crop_seed42_20260509_145413,7,macro_f1,0.7430977722781187,trans_night,0.673269435569755,0.4302401376976593
day_to_night_resnet101_loss_focal_seed42,day_to_night_resnet101_loss_focal_seed42_20260509_142506,42,day_to_night,resnet101,101,none,focal,balanced,none,none,/scratch1/xdeng713/cs567_followup_runs/day_to_night_resnet101_loss_focal_seed42_20260509_142506,5,macro_f1,0.6181641440018331,val,0.693069306930693,0.6181641440018331
day_to_night_resnet101_loss_focal_seed42,day_to_night_resnet101_loss_focal_seed42_20260509_142506,42,day_to_night,resnet101,101,none,focal,balanced,none,none,/scratch1/xdeng713/cs567_followup_runs/day_to_night_resnet101_loss_focal_seed42_20260509_142506,5,macro_f1,0.6181641440018331,val_night,0.4379474940334129,0.3910944066157887
day_to_night_resnet101_loss_focal_seed42,day_to_night_resnet101_loss_focal_seed42_20260509_142506,42,day_to_night,resnet101,101,none,focal,balanced,none,none,/scratch1/xdeng713/cs567_followup_runs/day_to_night_resnet101_loss_focal_seed42_20260509_142506,5,macro_f1,0.6181641440018331,cis_night,0.5587392550143266,0.4740752502952472
day_to_night_resnet101_loss_focal_seed42,day_to_night_resnet101_loss_focal_seed42_20260509_142506,42,day_to_night,resnet101,101,none,focal,balanced,none,none,/scratch1/xdeng713/cs567_followup_runs/day_to_night_resnet101_loss_focal_seed42_20260509_142506,5,macro_f1,0.6181641440018331,trans_night,0.42470713525026627,0.27337428671391817
day_to_night_resnet101_seed42,day_to_night_resnet101_seed42_20260509_142354,42,day_to_night,resnet101,101,none,cross_entropy,balanced,none,none,/scratch1/xdeng713/cs567_followup_runs/day_to_night_resnet101_seed42_20260509_142354,5,macro_f1,0.6354648009815014,val,0.7194719471947195,0.6354648009815014
day_to_night_resnet101_seed42,day_to_night_resnet101_seed42_20260509_142354,42,day_to_night,resnet101,101,none,cross_entropy,balanced,none,none,/scratch1/xdeng713/cs567_followup_runs/day_to_night_resnet101_seed42_20260509_142354,5,macro_f1,0.6354648009815014,val_night,0.4892601431980907,0.5070770082303375
day_to_night_resnet101_seed42,day_to_night_resnet101_seed42_20260509_142354,42,day_to_night,resnet101,101,none,cross_entropy,balanced,none,none,/scratch1/xdeng713/cs567_followup_runs/day_to_night_resnet101_seed42_20260509_142354,5,macro_f1,0.6354648009815014,cis_night,0.600764087870105,0.5350760364884405
day_to_night_resnet101_seed42,day_to_night_resnet101_seed42_20260509_142354,42,day_to_night,resnet101,101,none,cross_entropy,balanced,none,none,/scratch1/xdeng713/cs567_followup_runs/day_to_night_resnet101_seed42_20260509_142354,5,macro_f1,0.6354648009815014,trans_night,0.47710330138445156,0.29104811031173067
day_to_night_resnet101_seed42,day_to_night_resnet101_seed42_20260509_142425,42,day_to_night,resnet101,101,none,cross_entropy,balanced,none,none,/scratch1/xdeng713/cs567_followup_runs/day_to_night_resnet101_seed42_20260509_142425,5,macro_f1,0.6354648009815014,val,0.7194719471947195,0.6354648009815014
day_to_night_resnet101_seed42,day_to_night_resnet101_seed42_20260509_142425,42,day_to_night,resnet101,101,none,cross_entropy,balanced,none,none,/scratch1/xdeng713/cs567_followup_runs/day_to_night_resnet101_seed42_20260509_142425,5,macro_f1,0.6354648009815014,val_night,0.4892601431980907,0.5070770082303375
day_to_night_resnet101_seed42,day_to_night_resnet101_seed42_20260509_142425,42,day_to_night,resnet101,101,none,cross_entropy,balanced,none,none,/scratch1/xdeng713/cs567_followup_runs/day_to_night_resnet101_seed42_20260509_142425,5,macro_f1,0.6354648009815014,cis_night,0.600764087870105,0.5350760364884405
day_to_night_resnet101_seed42,day_to_night_resnet101_seed42_20260509_142425,42,day_to_night,resnet101,101,none,cross_entropy,balanced,none,none,/scratch1/xdeng713/cs567_followup_runs/day_to_night_resnet101_seed42_20260509_142425,5,macro_f1,0.6354648009815014,trans_night,0.47710330138445156,0.29104811031173067
day_to_night_resnet101_seed42,day_to_night_resnet101_seed42_20260509_142925,42,day_to_night,resnet101,101,none,cross_entropy,balanced,none,none,/scratch1/xdeng713/cs567_followup_runs/day_to_night_resnet101_seed42_20260509_142925,5,macro_f1,0.6354648009815014,val,0.7194719471947195,0.6354648009815014
day_to_night_resnet101_seed42,day_to_night_resnet101_seed42_20260509_142925,42,day_to_night,resnet101,101,none,cross_entropy,balanced,none,none,/scratch1/xdeng713/cs567_followup_runs/day_to_night_resnet101_seed42_20260509_142925,5,macro_f1,0.6354648009815014,val_night,0.4892601431980907,0.5070770082303375
day_to_night_resnet101_seed42,day_to_night_resnet101_seed42_20260509_142925,42,day_to_night,resnet101,101,none,cross_entropy,balanced,none,none,/scratch1/xdeng713/cs567_followup_runs/day_to_night_resnet101_seed42_20260509_142925,5,macro_f1,0.6354648009815014,cis_night,0.600764087870105,0.5350760364884405
day_to_night_resnet101_seed42,day_to_night_resnet101_seed42_20260509_142925,42,day_to_night,resnet101,101,none,cross_entropy,balanced,none,none,/scratch1/xdeng713/cs567_followup_runs/day_to_night_resnet101_seed42_20260509_142925,5,macro_f1,0.6354648009815014,trans_night,0.47710330138445156,0.29104811031173067
day_to_night_resnet101_seed43,day_to_night_resnet101_seed43_20260509_142355,43,day_to_night,resnet101,101,none,cross_entropy,balanced,none,none,/scratch1/xdeng713/cs567_followup_runs/day_to_night_resnet101_seed43_20260509_142355,9,macro_f1,0.648315093445039,val,0.7227722772277227,0.648315093445039
day_to_night_resnet101_seed43,day_to_night_resnet101_seed43_20260509_142355,43,day_to_night,resnet101,101,none,cross_entropy,balanced,none,none,/scratch1/xdeng713/cs567_followup_runs/day_to_night_resnet101_seed43_20260509_142355,9,macro_f1,0.648315093445039,val_night,0.5441527446300716,0.5222655213455165
day_to_night_resnet101_seed43,day_to_night_resnet101_seed43_20260509_142355,43,day_to_night,resnet101,101,none,cross_entropy,balanced,none,none,/scratch1/xdeng713/cs567_followup_runs/day_to_night_resnet101_seed43_20260509_142355,9,macro_f1,0.648315093445039,cis_night,0.5966252785737026,0.4707668566785971
day_to_night_resnet101_seed43,day_to_night_resnet101_seed43_20260509_142355,43,day_to_night,resnet101,101,none,cross_entropy,balanced,none,none,/scratch1/xdeng713/cs567_followup_runs/day_to_night_resnet101_seed43_20260509_142355,9,macro_f1,0.648315093445039,trans_night,0.4338658146964856,0.2550179440874766
day_to_night_resnet101_seed44,day_to_night_resnet101_seed44_20260509_142353,44,day_to_night,resnet101,101,none,cross_entropy,balanced,none,none,/scratch1/xdeng713/cs567_followup_runs/day_to_night_resnet101_seed44_20260509_142353,5,macro_f1,0.7060755642622427,val,0.7475247524752475,0.7060755642622427
day_to_night_resnet101_seed44,day_to_night_resnet101_seed44_20260509_142353,44,day_to_night,resnet101,101,none,cross_entropy,balanced,none,none,/scratch1/xdeng713/cs567_followup_runs/day_to_night_resnet101_seed44_20260509_142353,5,macro_f1,0.7060755642622427,val_night,0.5310262529832935,0.4864056793020544
day_to_night_resnet101_seed44,day_to_night_resnet101_seed44_20260509_142353,44,day_to_night,resnet101,101,none,cross_entropy,balanced,none,none,/scratch1/xdeng713/cs567_followup_runs/day_to_night_resnet101_seed44_20260509_142353,5,macro_f1,0.7060755642622427,cis_night,0.6335561922954474,0.5205122475473175
day_to_night_resnet101_seed44,day_to_night_resnet101_seed44_20260509_142353,44,day_to_night,resnet101,101,none,cross_entropy,balanced,none,none,/scratch1/xdeng713/cs567_followup_runs/day_to_night_resnet101_seed44_20260509_142353,5,macro_f1,0.7060755642622427,trans_night,0.549520766773163,0.32018062122075686
night_to_day_resnet50_cw_none_sampler_class_balanced_seed42,night_to_day_resnet50_cw_none_sampler_class_balanced_seed42_20260509_142824,42,night_to_day,resnet50,50,none,cross_entropy,none,class_balanced,none,/scratch1/xdeng713/cs567_followup_runs/night_to_day_resnet50_cw_none_sampler_class_balanced_seed42_20260509_142824,12,macro_f1,0.6970550432176915,val,0.6992840095465394,0.6970550432176915
night_to_day_resnet50_cw_none_sampler_class_balanced_seed42,night_to_day_resnet50_cw_none_sampler_class_balanced_seed42_20260509_142824,42,night_to_day,resnet50,50,none,cross_entropy,none,class_balanced,none,/scratch1/xdeng713/cs567_followup_runs/night_to_day_resnet50_cw_none_sampler_class_balanced_seed42_20260509_142824,12,macro_f1,0.6970550432176915,val_day,0.533003300330033,0.47678016827795605
night_to_day_resnet50_cw_none_sampler_class_balanced_seed42,night_to_day_resnet50_cw_none_sampler_class_balanced_seed42_20260509_142824,42,night_to_day,resnet50,50,none,cross_entropy,none,class_balanced,none,/scratch1/xdeng713/cs567_followup_runs/night_to_day_resnet50_cw_none_sampler_class_balanced_seed42_20260509_142824,12,macro_f1,0.6970550432176915,cis_day,0.585805700988947,0.5512939108754913
night_to_day_resnet50_cw_none_sampler_class_balanced_seed42,night_to_day_resnet50_cw_none_sampler_class_balanced_seed42_20260509_142824,42,night_to_day,resnet50,50,none,cross_entropy,none,class_balanced,none,/scratch1/xdeng713/cs567_followup_runs/night_to_day_resnet50_cw_none_sampler_class_balanced_seed42_20260509_142824,12,macro_f1,0.6970550432176915,trans_day,0.4788799240626483,0.3669709017881975
night_to_day_resnet50_cw_none_seed42,night_to_day_resnet50_cw_none_seed42_20260509_142652,42,night_to_day,resnet50,50,none,cross_entropy,none,none,none,/scratch1/xdeng713/cs567_followup_runs/night_to_day_resnet50_cw_none_seed42_20260509_142652,8,macro_f1,0.696676907372636,val,0.7028639618138425,0.696676907372636
night_to_day_resnet50_cw_none_seed42,night_to_day_resnet50_cw_none_seed42_20260509_142652,42,night_to_day,resnet50,50,none,cross_entropy,none,none,none,/scratch1/xdeng713/cs567_followup_runs/night_to_day_resnet50_cw_none_seed42_20260509_142652,8,macro_f1,0.696676907372636,val_day,0.3927392739273927,0.4241246576046575
night_to_day_resnet50_cw_none_seed42,night_to_day_resnet50_cw_none_seed42_20260509_142652,42,night_to_day,resnet50,50,none,cross_entropy,none,none,none,/scratch1/xdeng713/cs567_followup_runs/night_to_day_resnet50_cw_none_seed42_20260509_142652,8,macro_f1,0.696676907372636,cis_day,0.576497963932519,0.49045365128721485
night_to_day_resnet50_cw_none_seed42,night_to_day_resnet50_cw_none_seed42_20260509_142652,42,night_to_day,resnet50,50,none,cross_entropy,none,none,none,/scratch1/xdeng713/cs567_followup_runs/night_to_day_resnet50_cw_none_seed42_20260509_142652,8,macro_f1,0.696676907372636,trans_day,0.4295206454674893,0.31940822658090584
night_to_day_resnet50_image_background_only_seed42,night_to_day_resnet50_image_background_only_seed42_20260509_145413,42,night_to_day,resnet50,50,none,cross_entropy,balanced,none,background_only,/scratch1/xdeng713/cs567_followup_runs/night_to_day_resnet50_image_background_only_seed42_20260509_145413,6,macro_f1,0.5278298421469518,val,0.5501193317422435,0.5278298421469518
night_to_day_resnet50_image_background_only_seed42,night_to_day_resnet50_image_background_only_seed42_20260509_145413,42,night_to_day,resnet50,50,none,cross_entropy,balanced,none,background_only,/scratch1/xdeng713/cs567_followup_runs/night_to_day_resnet50_image_background_only_seed42_20260509_145413,6,macro_f1,0.5278298421469518,val_day,0.3333333333333333,0.3230780993988206
night_to_day_resnet50_image_background_only_seed42,night_to_day_resnet50_image_background_only_seed42_20260509_145413,42,night_to_day,resnet50,50,none,cross_entropy,balanced,none,background_only,/scratch1/xdeng713/cs567_followup_runs/night_to_day_resnet50_image_background_only_seed42_20260509_145413,6,macro_f1,0.5278298421469518,cis_day,0.44269924374636416,0.4007540310004922
night_to_day_resnet50_image_background_only_seed42,night_to_day_resnet50_image_background_only_seed42_20260509_145413,42,night_to_day,resnet50,50,none,cross_entropy,balanced,none,background_only,/scratch1/xdeng713/cs567_followup_runs/night_to_day_resnet50_image_background_only_seed42_20260509_145413,6,macro_f1,0.5278298421469518,trans_day,0.2634076886568581,0.17242132053471323
night_to_day_resnet50_image_foreground_only_seed42,night_to_day_resnet50_image_foreground_only_seed42_20260509_145413,42,night_to_day,resnet50,50,none,cross_entropy,balanced,none,foreground_only,/scratch1/xdeng713/cs567_followup_runs/night_to_day_resnet50_image_foreground_only_seed42_20260509_145413,10,macro_f1,0.6042056601338512,val,0.6467780429594272,0.6042056601338512
night_to_day_resnet50_image_foreground_only_seed42,night_to_day_resnet50_image_foreground_only_seed42_20260509_145413,42,night_to_day,resnet50,50,none,cross_entropy,balanced,none,foreground_only,/scratch1/xdeng713/cs567_followup_runs/night_to_day_resnet50_image_foreground_only_seed42_20260509_145413,10,macro_f1,0.6042056601338512,val_day,0.44554455445544555,0.4333951861848515
night_to_day_resnet50_image_foreground_only_seed42,night_to_day_resnet50_image_foreground_only_seed42_20260509_145413,42,night_to_day,resnet50,50,none,cross_entropy,balanced,none,foreground_only,/scratch1/xdeng713/cs567_followup_runs/night_to_day_resnet50_image_foreground_only_seed42_20260509_145413,10,macro_f1,0.6042056601338512,cis_day,0.5363583478766725,0.49202505679961106
night_to_day_resnet50_image_foreground_only_seed42,night_to_day_resnet50_image_foreground_only_seed42_20260509_145413,42,night_to_day,resnet50,50,none,cross_entropy,balanced,none,foreground_only,/scratch1/xdeng713/cs567_followup_runs/night_to_day_resnet50_image_foreground_only_seed42_20260509_145413,10,macro_f1,0.6042056601338512,trans_day,0.3521594684385382,0.28731415032488294
night_to_day_resnet50_image_object_crop_seed42,night_to_day_resnet50_image_object_crop_seed42_20260509_145420,42,night_to_day,resnet50,50,none,cross_entropy,balanced,none,object_crop,/scratch1/xdeng713/cs567_followup_runs/night_to_day_resnet50_image_object_crop_seed42_20260509_145420,8,macro_f1,0.6921553911157731,val,0.7183770883054893,0.6921553911157731
night_to_day_resnet50_image_object_crop_seed42,night_to_day_resnet50_image_object_crop_seed42_20260509_145420,42,night_to_day,resnet50,50,none,cross_entropy,balanced,none,object_crop,/scratch1/xdeng713/cs567_followup_runs/night_to_day_resnet50_image_object_crop_seed42_20260509_145420,8,macro_f1,0.6921553911157731,val_day,0.45874587458745875,0.5059327240448194
night_to_day_resnet50_image_object_crop_seed42,night_to_day_resnet50_image_object_crop_seed42_20260509_145420,42,night_to_day,resnet50,50,none,cross_entropy,balanced,none,object_crop,/scratch1/xdeng713/cs567_followup_runs/night_to_day_resnet50_image_object_crop_seed42_20260509_145420,8,macro_f1,0.6921553911157731,cis_day,0.7108784176847004,0.6588832959418975
night_to_day_resnet50_image_object_crop_seed42,night_to_day_resnet50_image_object_crop_seed42_20260509_145420,42,night_to_day,resnet50,50,none,cross_entropy,balanced,none,object_crop,/scratch1/xdeng713/cs567_followup_runs/night_to_day_resnet50_image_object_crop_seed42_20260509_145420,8,macro_f1,0.6921553911157731,trans_day,0.593735168485999,0.44767256742849115
night_to_day_resnet50_loss_focal_seed42,night_to_day_resnet50_loss_focal_seed42_20260509_142823,42,night_to_day,resnet50,50,none,focal,balanced,none,none,/scratch1/xdeng713/cs567_followup_runs/night_to_day_resnet50_loss_focal_seed42_20260509_142823,6,macro_f1,0.6491372541426176,val,0.6515513126491647,0.6491372541426176
night_to_day_resnet50_loss_focal_seed42,night_to_day_resnet50_loss_focal_seed42_20260509_142823,42,night_to_day,resnet50,50,none,focal,balanced,none,none,/scratch1/xdeng713/cs567_followup_runs/night_to_day_resnet50_loss_focal_seed42_20260509_142823,6,macro_f1,0.6491372541426176,val_day,0.4158415841584158,0.4457992264740752
night_to_day_resnet50_loss_focal_seed42,night_to_day_resnet50_loss_focal_seed42_20260509_142823,42,night_to_day,resnet50,50,none,focal,balanced,none,none,/scratch1/xdeng713/cs567_followup_runs/night_to_day_resnet50_loss_focal_seed42_20260509_142823,6,macro_f1,0.6491372541426176,cis_day,0.5846422338568935,0.5400893083713126
night_to_day_resnet50_loss_focal_seed42,night_to_day_resnet50_loss_focal_seed42_20260509_142823,42,night_to_day,resnet50,50,none,focal,balanced,none,none,/scratch1/xdeng713/cs567_followup_runs/night_to_day_resnet50_loss_focal_seed42_20260509_142823,6,macro_f1,0.6491372541426176,trans_day,0.33032747982914096,0.2711498319297022
night_to_day_resnet50_seed42,night_to_day_resnet50_seed42_20260509_142356,42,night_to_day,resnet50,50,none,cross_entropy,balanced,none,none,/scratch1/xdeng713/cs567_followup_runs/night_to_day_resnet50_seed42_20260509_142356,13,macro_f1,0.689926953891879,val,0.7016706443914081,0.689926953891879
night_to_day_resnet50_seed42,night_to_day_resnet50_seed42_20260509_142356,42,night_to_day,resnet50,50,none,cross_entropy,balanced,none,none,/scratch1/xdeng713/cs567_followup_runs/night_to_day_resnet50_seed42_20260509_142356,13,macro_f1,0.689926953891879,val_day,0.37623762376237624,0.45517288627461133
night_to_day_resnet50_seed42,night_to_day_resnet50_seed42_20260509_142356,42,night_to_day,resnet50,50,none,cross_entropy,balanced,none,none,/scratch1/xdeng713/cs567_followup_runs/night_to_day_resnet50_seed42_20260509_142356,13,macro_f1,0.689926953891879,cis_day,0.5671902268760908,0.4872240827240134
night_to_day_resnet50_seed42,night_to_day_resnet50_seed42_20260509_142356,42,night_to_day,resnet50,50,none,cross_entropy,balanced,none,none,/scratch1/xdeng713/cs567_followup_runs/night_to_day_resnet50_seed42_20260509_142356,13,macro_f1,0.689926953891879,trans_day,0.47460844803037494,0.37018684094550836
night_to_day_resnet50_seed42,night_to_day_resnet50_seed42_20260509_142422,42,night_to_day,resnet50,50,none,cross_entropy,balanced,none,none,/scratch1/xdeng713/cs567_followup_runs/night_to_day_resnet50_seed42_20260509_142422,11,macro_f1,0.6887888385730492,val,0.7076372315035799,0.6887888385730492
night_to_day_resnet50_seed42,night_to_day_resnet50_seed42_20260509_142422,42,night_to_day,resnet50,50,none,cross_entropy,balanced,none,none,/scratch1/xdeng713/cs567_followup_runs/night_to_day_resnet50_seed42_20260509_142422,11,macro_f1,0.6887888385730492,val_day,0.42574257425742573,0.4813840453830161
night_to_day_resnet50_seed42,night_to_day_resnet50_seed42_20260509_142422,42,night_to_day,resnet50,50,none,cross_entropy,balanced,none,none,/scratch1/xdeng713/cs567_followup_runs/night_to_day_resnet50_seed42_20260509_142422,11,macro_f1,0.6887888385730492,cis_day,0.5939499709133217,0.5419210384032778
night_to_day_resnet50_seed42,night_to_day_resnet50_seed42_20260509_142422,42,night_to_day,resnet50,50,none,cross_entropy,balanced,none,none,/scratch1/xdeng713/cs567_followup_runs/night_to_day_resnet50_seed42_20260509_142422,11,macro_f1,0.6887888385730492,trans_day,0.42524916943521596,0.3324445210920163
night_to_day_resnet50_seed42,night_to_day_resnet50_seed42_20260509_142955,42,night_to_day,resnet50,50,none,cross_entropy,balanced,none,none,/scratch1/xdeng713/cs567_followup_runs/night_to_day_resnet50_seed42_20260509_142955,11,macro_f1,0.6887888385730492,val,0.7076372315035799,0.6887888385730492
night_to_day_resnet50_seed42,night_to_day_resnet50_seed42_20260509_142955,42,night_to_day,resnet50,50,none,cross_entropy,balanced,none,none,/scratch1/xdeng713/cs567_followup_runs/night_to_day_resnet50_seed42_20260509_142955,11,macro_f1,0.6887888385730492,val_day,0.42574257425742573,0.4813840453830161
night_to_day_resnet50_seed42,night_to_day_resnet50_seed42_20260509_142955,42,night_to_day,resnet50,50,none,cross_entropy,balanced,none,none,/scratch1/xdeng713/cs567_followup_runs/night_to_day_resnet50_seed42_20260509_142955,11,macro_f1,0.6887888385730492,cis_day,0.5939499709133217,0.5419210384032778
night_to_day_resnet50_seed42,night_to_day_resnet50_seed42_20260509_142955,42,night_to_day,resnet50,50,none,cross_entropy,balanced,none,none,/scratch1/xdeng713/cs567_followup_runs/night_to_day_resnet50_seed42_20260509_142955,11,macro_f1,0.6887888385730492,trans_day,0.42524916943521596,0.3324445210920163
night_to_day_resnet50_seed43,night_to_day_resnet50_seed43_20260509_142356,43,night_to_day,resnet50,50,none,cross_entropy,balanced,none,none,/scratch1/xdeng713/cs567_followup_runs/night_to_day_resnet50_seed43_20260509_142356,2,macro_f1,0.5839359335579938,val,0.5584725536992841,0.5839359335579938
night_to_day_resnet50_seed43,night_to_day_resnet50_seed43_20260509_142356,43,night_to_day,resnet50,50,none,cross_entropy,balanced,none,none,/scratch1/xdeng713/cs567_followup_runs/night_to_day_resnet50_seed43_20260509_142356,2,macro_f1,0.5839359335579938,val_day,0.3102310231023102,0.37074710955350504
night_to_day_resnet50_seed43,night_to_day_resnet50_seed43_20260509_142356,43,night_to_day,resnet50,50,none,cross_entropy,balanced,none,none,/scratch1/xdeng713/cs567_followup_runs/night_to_day_resnet50_seed43_20260509_142356,2,macro_f1,0.5839359335579938,cis_day,0.39790575916230364,0.3715735066865487
night_to_day_resnet50_seed43,night_to_day_resnet50_seed43_20260509_142356,43,night_to_day,resnet50,50,none,cross_entropy,balanced,none,none,/scratch1/xdeng713/cs567_followup_runs/night_to_day_resnet50_seed43_20260509_142356,2,macro_f1,0.5839359335579938,trans_day,0.3236829615567157,0.22787727318955517
night_to_day_resnet50_seed44,night_to_day_resnet50_seed44_20260509_142351,44,night_to_day,resnet50,50,none,cross_entropy,balanced,none,none,/scratch1/xdeng713/cs567_followup_runs/night_to_day_resnet50_seed44_20260509_142351,7,macro_f1,0.6662433314722104,val,0.6670644391408115,0.6662433314722104
night_to_day_resnet50_seed44,night_to_day_resnet50_seed44_20260509_142351,44,night_to_day,resnet50,50,none,cross_entropy,balanced,none,none,/scratch1/xdeng713/cs567_followup_runs/night_to_day_resnet50_seed44_20260509_142351,7,macro_f1,0.6662433314722104,val_day,0.48184818481848185,0.519632939458553
night_to_day_resnet50_seed44,night_to_day_resnet50_seed44_20260509_142351,44,night_to_day,resnet50,50,none,cross_entropy,balanced,none,none,/scratch1/xdeng713/cs567_followup_runs/night_to_day_resnet50_seed44_20260509_142351,7,macro_f1,0.6662433314722104,cis_day,0.5922047702152414,0.5576160604994309
night_to_day_resnet50_seed44,night_to_day_resnet50_seed44_20260509_142351,44,night_to_day,resnet50,50,none,cross_entropy,balanced,none,none,/scratch1/xdeng713/cs567_followup_runs/night_to_day_resnet50_seed44_20260509_142351,7,macro_f1,0.6662433314722104,trans_day,0.3996203132415757,0.3298325321235065
